COUNTRIES,REGIONS,Years,Sales Value
AUSTRIA,EUROPE,2005,307915
AUSTRIA,EUROPE,2006,308594
AUSTRIA,EUROPE,2007,298182
AUSTRIA,EUROPE,2008,293697
AUSTRIA,EUROPE,2009,319403
AUSTRIA,EUROPE,2010,328563
AUSTRIA,EUROPE,2011,356145
AUSTRIA,EUROPE,2012,336010
AUSTRIA,EUROPE,2013,319035
AUSTRIA,EUROPE,2014,303318
BELGIUM,EUROPE,2005,480088
BELGIUM,EUROPE,2006,526141
BELGIUM,EUROPE,2007,524795
BELGIUM,EUROPE,2008,535947
BELGIUM,EUROPE,2009,476194
BELGIUM,EUROPE,2010,547340
BELGIUM,EUROPE,2011,572211
BELGIUM,EUROPE,2012,486737
BELGIUM,EUROPE,2013,486065
BELGIUM,EUROPE,2014,482939
DENMARK,EUROPE,2005,148819
DENMARK,EUROPE,2006,156936
DENMARK,EUROPE,2007,162686
DENMARK,EUROPE,2008,150199
DENMARK,EUROPE,2009,112454
DENMARK,EUROPE,2010,153858
DENMARK,EUROPE,2011,170036
DENMARK,EUROPE,2012,170763
DENMARK,EUROPE,2013,182086
DENMARK,EUROPE,2014,189051
FINLAND,EUROPE,2005,148161
FINLAND,EUROPE,2006,145700
FINLAND,EUROPE,2007,125608
FINLAND,EUROPE,2008,139669
FINLAND,EUROPE,2009,90574
FINLAND,EUROPE,2010,111968
FINLAND,EUROPE,2011,126123
FINLAND,EUROPE,2012,111251
FINLAND,EUROPE,2013,103455
FINLAND,EUROPE,2014,106236
FRANCE,EUROPE,2005,2118042
FRANCE,EUROPE,2006,2045745
FRANCE,EUROPE,2007,2109672
FRANCE,EUROPE,2008,2091369
FRANCE,EUROPE,2009,2302398
FRANCE,EUROPE,2010,2251669
FRANCE,EUROPE,2011,2204229
FRANCE,EUROPE,2012,1898760
FRANCE,EUROPE,2013,1790456
FRANCE,EUROPE,2014,1795885
GERMANY,EUROPE,2005,3319259
GERMANY,EUROPE,2006,3467961
GERMANY,EUROPE,2007,3148163
GERMANY,EUROPE,2008,3090040
GERMANY,EUROPE,2009,3807175
GERMANY,EUROPE,2010,2916259
GERMANY,EUROPE,2011,3173634
GERMANY,EUROPE,2012,3082504
GERMANY,EUROPE,2013,2952431
GERMANY,EUROPE,2014,3036773
GREECE,EUROPE,2005,269728
GREECE,EUROPE,2006,267669
GREECE,EUROPE,2007,279745
GREECE,EUROPE,2008,267295
GREECE,EUROPE,2009,219730
GREECE,EUROPE,2010,141501
GREECE,EUROPE,2011,97680
GREECE,EUROPE,2012,58482
GREECE,EUROPE,2013,58694
GREECE,EUROPE,2014,71218
ICELAND,EUROPE,2005,18060
ICELAND,EUROPE,2006,17129
ICELAND,EUROPE,2007,15942
ICELAND,EUROPE,2008,9033
ICELAND,EUROPE,2009,2113
ICELAND,EUROPE,2010,3106
ICELAND,EUROPE,2011,5038
ICELAND,EUROPE,2012,7902
ICELAND,EUROPE,2013,7274
ICELAND,EUROPE,2014,9536
IRELAND,EUROPE,2005,171742
IRELAND,EUROPE,2006,178484
IRELAND,EUROPE,2007,186325
IRELAND,EUROPE,2008,151607
IRELAND,EUROPE,2009,57453
IRELAND,EUROPE,2010,88446
IRELAND,EUROPE,2011,89911
IRELAND,EUROPE,2012,79498
IRELAND,EUROPE,2013,74367
IRELAND,EUROPE,2014,96344
ITALY,EUROPE,2005,2244108
ITALY,EUROPE,2006,2335462
ITALY,EUROPE,2007,2494115
ITALY,EUROPE,2008,2161359
ITALY,EUROPE,2009,2159465
ITALY,EUROPE,2010,1961580
ITALY,EUROPE,2011,1749740
ITALY,EUROPE,2012,1403010
ITALY,EUROPE,2013,1304648
ITALY,EUROPE,2014,1360293
LUXEMBOURG,EUROPE,2005,48517
LUXEMBOURG,EUROPE,2006,50837
LUXEMBOURG,EUROPE,2007,51332
LUXEMBOURG,EUROPE,2008,52359
LUXEMBOURG,EUROPE,2009,47265
LUXEMBOURG,EUROPE,2010,49726
LUXEMBOURG,EUROPE,2011,49881
LUXEMBOURG,EUROPE,2012,50398
LUXEMBOURG,EUROPE,2013,46624
LUXEMBOURG,EUROPE,2014,49793
NETHERLANDS,EUROPE,2005,465196
NETHERLANDS,EUROPE,2006,483999
NETHERLANDS,EUROPE,2007,504300
NETHERLANDS,EUROPE,2008,499980
NETHERLANDS,EUROPE,2009,387699
NETHERLANDS,EUROPE,2010,482531
NETHERLANDS,EUROPE,2011,555812
NETHERLANDS,EUROPE,2012,502544
NETHERLANDS,EUROPE,2013,416717
NETHERLANDS,EUROPE,2014,387835
NORWAY,EUROPE,2005,109907
NORWAY,EUROPE,2006,109164
NORWAY,EUROPE,2007,129195
NORWAY,EUROPE,2008,110617
NORWAY,EUROPE,2009,98675
NORWAY,EUROPE,2010,127754
NORWAY,EUROPE,2011,138345
NORWAY,EUROPE,2012,137967
NORWAY,EUROPE,2013,142151
NORWAY,EUROPE,2014,144202
PORTUGAL,EUROPE,2005,206488
PORTUGAL,EUROPE,2006,194702
PORTUGAL,EUROPE,2007,201816
PORTUGAL,EUROPE,2008,213389
PORTUGAL,EUROPE,2009,161013
PORTUGAL,EUROPE,2010,223464
PORTUGAL,EUROPE,2011,153404
PORTUGAL,EUROPE,2012,95309
PORTUGAL,EUROPE,2013,105921
PORTUGAL,EUROPE,2014,142826
SPAIN,EUROPE,2005,1528877
SPAIN,EUROPE,2006,1634608
SPAIN,EUROPE,2007,1614835
SPAIN,EUROPE,2008,1161176
SPAIN,EUROPE,2009,952772
SPAIN,EUROPE,2010,982015
SPAIN,EUROPE,2011,808051
SPAIN,EUROPE,2012,699589
SPAIN,EUROPE,2013,722689
SPAIN,EUROPE,2014,855308
SWEDEN,EUROPE,2005,274301
SWEDEN,EUROPE,2006,282766
SWEDEN,EUROPE,2007,306794
SWEDEN,EUROPE,2008,253982
SWEDEN,EUROPE,2009,213408
SWEDEN,EUROPE,2010,289684
SWEDEN,EUROPE,2011,304984
SWEDEN,EUROPE,2012,279899
SWEDEN,EUROPE,2013,269599
SWEDEN,EUROPE,2014,303948
SWITZERLAND (+FL),EUROPE,2005,266770
SWITZERLAND (+FL),EUROPE,2006,269421
SWITZERLAND (+FL),EUROPE,2007,284674
SWITZERLAND (+FL),EUROPE,2008,288525
SWITZERLAND (+FL),EUROPE,2009,266018
SWITZERLAND (+FL),EUROPE,2010,294239
SWITZERLAND (+FL),EUROPE,2011,318958
SWITZERLAND (+FL),EUROPE,2012,328139
SWITZERLAND (+FL),EUROPE,2013,307885
SWITZERLAND (+FL),EUROPE,2014,301942
UNITED KINGDOM,EUROPE,2005,2439717
UNITED KINGDOM,EUROPE,2006,2344864
UNITED KINGDOM,EUROPE,2007,2404007
UNITED KINGDOM,EUROPE,2008,2131795
UNITED KINGDOM,EUROPE,2009,1994999
UNITED KINGDOM,EUROPE,2010,2030846
UNITED KINGDOM,EUROPE,2011,1941253
UNITED KINGDOM,EUROPE,2012,2044609
UNITED KINGDOM,EUROPE,2013,2264737
UNITED KINGDOM,EUROPE,2014,2476435
BULGARIA*,EUROPE NEW MEMBERS,2005,25956
BULGARIA*,EUROPE NEW MEMBERS,2006,36455
BULGARIA*,EUROPE NEW MEMBERS,2007,43521
BULGARIA*,EUROPE NEW MEMBERS,2008,45143
BULGARIA*,EUROPE NEW MEMBERS,2009,22869
BULGARIA*,EUROPE NEW MEMBERS,2010,16257
BULGARIA*,EUROPE NEW MEMBERS,2011,19250
BULGARIA*,EUROPE NEW MEMBERS,2012,19419
BULGARIA*,EUROPE NEW MEMBERS,2013,19352
BULGARIA*,EUROPE NEW MEMBERS,2014,20359
CROATIA,EUROPE NEW MEMBERS,2005,70541
CROATIA,EUROPE NEW MEMBERS,2006,78775
CROATIA,EUROPE NEW MEMBERS,2007,82664
CROATIA,EUROPE NEW MEMBERS,2008,88265
CROATIA,EUROPE NEW MEMBERS,2009,44918
CROATIA,EUROPE NEW MEMBERS,2010,38587
CROATIA,EUROPE NEW MEMBERS,2011,41561
CROATIA,EUROPE NEW MEMBERS,2012,31360
CROATIA,EUROPE NEW MEMBERS,2013,27802
CROATIA,EUROPE NEW MEMBERS,2014,33997
CYPRUS,EUROPE NEW MEMBERS,2005,17687
CYPRUS,EUROPE NEW MEMBERS,2006,18639
CYPRUS,EUROPE NEW MEMBERS,2007,22878
CYPRUS,EUROPE NEW MEMBERS,2008,22241
CYPRUS,EUROPE NEW MEMBERS,2009,14981
CYPRUS,EUROPE NEW MEMBERS,2010,14088
CYPRUS,EUROPE NEW MEMBERS,2011,13480
CYPRUS,EUROPE NEW MEMBERS,2012,10123
CYPRUS,EUROPE NEW MEMBERS,2013,7000
CYPRUS,EUROPE NEW MEMBERS,2014,7794
CZECH REPUBLIC,EUROPE NEW MEMBERS,2005,151699
CZECH REPUBLIC,EUROPE NEW MEMBERS,2006,156686
CZECH REPUBLIC,EUROPE NEW MEMBERS,2007,174456
CZECH REPUBLIC,EUROPE NEW MEMBERS,2008,182554
CZECH REPUBLIC,EUROPE NEW MEMBERS,2009,167708
CZECH REPUBLIC,EUROPE NEW MEMBERS,2010,169580
CZECH REPUBLIC,EUROPE NEW MEMBERS,2011,173595
CZECH REPUBLIC,EUROPE NEW MEMBERS,2012,174009
CZECH REPUBLIC,EUROPE NEW MEMBERS,2013,164736
CZECH REPUBLIC,EUROPE NEW MEMBERS,2014,192314
ESTONIA,EUROPE NEW MEMBERS,2005,19640
ESTONIA,EUROPE NEW MEMBERS,2006,25363
ESTONIA,EUROPE NEW MEMBERS,2007,30912
ESTONIA,EUROPE NEW MEMBERS,2008,24579
ESTONIA,EUROPE NEW MEMBERS,2009,9946
ESTONIA,EUROPE NEW MEMBERS,2010,10295
ESTONIA,EUROPE NEW MEMBERS,2011,17070
ESTONIA,EUROPE NEW MEMBERS,2012,19424
ESTONIA,EUROPE NEW MEMBERS,2013,19694
ESTONIA,EUROPE NEW MEMBERS,2014,20861
HUNGARY,EUROPE NEW MEMBERS,2005,198982
HUNGARY,EUROPE NEW MEMBERS,2006,187676
HUNGARY,EUROPE NEW MEMBERS,2007,171661
HUNGARY,EUROPE NEW MEMBERS,2008,153278
HUNGARY,EUROPE NEW MEMBERS,2009,60189
HUNGARY,EUROPE NEW MEMBERS,2010,43476
HUNGARY,EUROPE NEW MEMBERS,2011,45094
HUNGARY,EUROPE NEW MEMBERS,2012,53059
HUNGARY,EUROPE NEW MEMBERS,2013,56139
HUNGARY,EUROPE NEW MEMBERS,2014,67476
LATVIA,EUROPE NEW MEMBERS,2005,10467
LATVIA,EUROPE NEW MEMBERS,2006,14234
LATVIA,EUROPE NEW MEMBERS,2007,21606
LATVIA,EUROPE NEW MEMBERS,2008,22217
LATVIA,EUROPE NEW MEMBERS,2009,7515
LATVIA,EUROPE NEW MEMBERS,2010,7970
LATVIA,EUROPE NEW MEMBERS,2011,13234
LATVIA,EUROPE NEW MEMBERS,2012,10665
LATVIA,EUROPE NEW MEMBERS,2013,10636
LATVIA,EUROPE NEW MEMBERS,2014,12452
LITHUANIA,EUROPE NEW MEMBERS,2005,16602
LITHUANIA,EUROPE NEW MEMBERS,2006,25582
LITHUANIA,EUROPE NEW MEMBERS,2007,32771
LITHUANIA,EUROPE NEW MEMBERS,2008,19831
LITHUANIA,EUROPE NEW MEMBERS,2009,5367
LITHUANIA,EUROPE NEW MEMBERS,2010,6365
LITHUANIA,EUROPE NEW MEMBERS,2011,10980
LITHUANIA,EUROPE NEW MEMBERS,2012,12165
LITHUANIA,EUROPE NEW MEMBERS,2013,12163
LITHUANIA,EUROPE NEW MEMBERS,2014,14503
MALTA,EUROPE NEW MEMBERS,2005,6552
MALTA,EUROPE NEW MEMBERS,2006,6745
MALTA,EUROPE NEW MEMBERS,2007,6240
MALTA,EUROPE NEW MEMBERS,2008,5423
MALTA,EUROPE NEW MEMBERS,2009,5894
MALTA,EUROPE NEW MEMBERS,2010,4056
MALTA,EUROPE NEW MEMBERS,2011,5428
MALTA,EUROPE NEW MEMBERS,2012,5884
MALTA,EUROPE NEW MEMBERS,2013,5749
MALTA,EUROPE NEW MEMBERS,2014,6451
POLAND,EUROPE NEW MEMBERS,2005,207007
POLAND,EUROPE NEW MEMBERS,2006,224728
POLAND,EUROPE NEW MEMBERS,2007,277427
POLAND,EUROPE NEW MEMBERS,2008,319190
POLAND,EUROPE NEW MEMBERS,2009,276220
POLAND,EUROPE NEW MEMBERS,2010,315855
POLAND,EUROPE NEW MEMBERS,2011,277427
POLAND,EUROPE NEW MEMBERS,2012,272719
POLAND,EUROPE NEW MEMBERS,2013,289913
POLAND,EUROPE NEW MEMBERS,2014,327709
ROMANIA,EUROPE NEW MEMBERS,2005,214967
ROMANIA,EUROPE NEW MEMBERS,2006,247411
ROMANIA,EUROPE NEW MEMBERS,2007,312533
ROMANIA,EUROPE NEW MEMBERS,2008,285506
ROMANIA,EUROPE NEW MEMBERS,2009,116016
ROMANIA,EUROPE NEW MEMBERS,2010,94441
ROMANIA,EUROPE NEW MEMBERS,2011,81709
ROMANIA,EUROPE NEW MEMBERS,2012,66436
ROMANIA,EUROPE NEW MEMBERS,2013,57710
ROMANIA,EUROPE NEW MEMBERS,2014,70172
SLOVAKIA,EUROPE NEW MEMBERS,2005,56916
SLOVAKIA,EUROPE NEW MEMBERS,2006,59084
SLOVAKIA,EUROPE NEW MEMBERS,2007,59700
SLOVAKIA,EUROPE NEW MEMBERS,2008,70040
SLOVAKIA,EUROPE NEW MEMBERS,2009,74717
SLOVAKIA,EUROPE NEW MEMBERS,2010,64033
SLOVAKIA,EUROPE NEW MEMBERS,2011,68203
SLOVAKIA,EUROPE NEW MEMBERS,2012,69268
SLOVAKIA,EUROPE NEW MEMBERS,2013,66000
SLOVAKIA,EUROPE NEW MEMBERS,2014,72249
SLOVENIA,EUROPE NEW MEMBERS,2005,59324
SLOVENIA,EUROPE NEW MEMBERS,2006,59578
SLOVENIA,EUROPE NEW MEMBERS,2007,68719
SLOVENIA,EUROPE NEW MEMBERS,2008,71575
SLOVENIA,EUROPE NEW MEMBERS,2009,57967
SLOVENIA,EUROPE NEW MEMBERS,2010,61142
SLOVENIA,EUROPE NEW MEMBERS,2011,60193
SLOVENIA,EUROPE NEW MEMBERS,2012,50091
SLOVENIA,EUROPE NEW MEMBERS,2013,52268
SLOVENIA,EUROPE NEW MEMBERS,2014,53296
ALBANIA,"RUSSIA, TURKEY & OTHER EUROPE",2005,800
ALBANIA,"RUSSIA, TURKEY & OTHER EUROPE",2006,800
ALBANIA,"RUSSIA, TURKEY & OTHER EUROPE",2007,1600
ALBANIA,"RUSSIA, TURKEY & OTHER EUROPE",2008,1600
ALBANIA,"RUSSIA, TURKEY & OTHER EUROPE",2009,1000
ALBANIA,"RUSSIA, TURKEY & OTHER EUROPE",2010,1600
ALBANIA,"RUSSIA, TURKEY & OTHER EUROPE",2011,2100
ALBANIA,"RUSSIA, TURKEY & OTHER EUROPE",2012,2300
ALBANIA,"RUSSIA, TURKEY & OTHER EUROPE",2013,2300
ALBANIA,"RUSSIA, TURKEY & OTHER EUROPE",2014,2500
ARMENIA,"RUSSIA, TURKEY & OTHER EUROPE",2005,11000
ARMENIA,"RUSSIA, TURKEY & OTHER EUROPE",2006,12000
ARMENIA,"RUSSIA, TURKEY & OTHER EUROPE",2007,6000
ARMENIA,"RUSSIA, TURKEY & OTHER EUROPE",2008,4000
ARMENIA,"RUSSIA, TURKEY & OTHER EUROPE",2009,4000
ARMENIA,"RUSSIA, TURKEY & OTHER EUROPE",2010,4000
ARMENIA,"RUSSIA, TURKEY & OTHER EUROPE",2011,4000
ARMENIA,"RUSSIA, TURKEY & OTHER EUROPE",2012,5000
ARMENIA,"RUSSIA, TURKEY & OTHER EUROPE",2013,5000
ARMENIA,"RUSSIA, TURKEY & OTHER EUROPE",2014,5200
BELARUS,"RUSSIA, TURKEY & OTHER EUROPE",2005,9000
BELARUS,"RUSSIA, TURKEY & OTHER EUROPE",2006,13000
BELARUS,"RUSSIA, TURKEY & OTHER EUROPE",2007,20000
BELARUS,"RUSSIA, TURKEY & OTHER EUROPE",2008,22000
BELARUS,"RUSSIA, TURKEY & OTHER EUROPE",2009,12000
BELARUS,"RUSSIA, TURKEY & OTHER EUROPE",2010,15000
BELARUS,"RUSSIA, TURKEY & OTHER EUROPE",2011,15000
BELARUS,"RUSSIA, TURKEY & OTHER EUROPE",2012,20000
BELARUS,"RUSSIA, TURKEY & OTHER EUROPE",2013,19600
BELARUS,"RUSSIA, TURKEY & OTHER EUROPE",2014,22300
BOSNIA,"RUSSIA, TURKEY & OTHER EUROPE",2005,10000
BOSNIA,"RUSSIA, TURKEY & OTHER EUROPE",2006,10000
BOSNIA,"RUSSIA, TURKEY & OTHER EUROPE",2007,15000
BOSNIA,"RUSSIA, TURKEY & OTHER EUROPE",2008,13000
BOSNIA,"RUSSIA, TURKEY & OTHER EUROPE",2009,12000
BOSNIA,"RUSSIA, TURKEY & OTHER EUROPE",2010,10000
BOSNIA,"RUSSIA, TURKEY & OTHER EUROPE",2011,10000
BOSNIA,"RUSSIA, TURKEY & OTHER EUROPE",2012,10000
BOSNIA,"RUSSIA, TURKEY & OTHER EUROPE",2013,9800
BOSNIA,"RUSSIA, TURKEY & OTHER EUROPE",2014,8900
GEORGIA,"RUSSIA, TURKEY & OTHER EUROPE",2005,1500
GEORGIA,"RUSSIA, TURKEY & OTHER EUROPE",2006,2000
GEORGIA,"RUSSIA, TURKEY & OTHER EUROPE",2007,6000
GEORGIA,"RUSSIA, TURKEY & OTHER EUROPE",2008,8000
GEORGIA,"RUSSIA, TURKEY & OTHER EUROPE",2009,1000
GEORGIA,"RUSSIA, TURKEY & OTHER EUROPE",2010,4000
GEORGIA,"RUSSIA, TURKEY & OTHER EUROPE",2011,3000
GEORGIA,"RUSSIA, TURKEY & OTHER EUROPE",2012,4000
GEORGIA,"RUSSIA, TURKEY & OTHER EUROPE",2013,4000
GEORGIA,"RUSSIA, TURKEY & OTHER EUROPE",2014,4300
MACEDONIA,"RUSSIA, TURKEY & OTHER EUROPE",2005,9300
MACEDONIA,"RUSSIA, TURKEY & OTHER EUROPE",2006,10000
MACEDONIA,"RUSSIA, TURKEY & OTHER EUROPE",2007,10200
MACEDONIA,"RUSSIA, TURKEY & OTHER EUROPE",2008,10500
MACEDONIA,"RUSSIA, TURKEY & OTHER EUROPE",2009,6000
MACEDONIA,"RUSSIA, TURKEY & OTHER EUROPE",2010,8500
MACEDONIA,"RUSSIA, TURKEY & OTHER EUROPE",2011,8500
MACEDONIA,"RUSSIA, TURKEY & OTHER EUROPE",2012,5000
MACEDONIA,"RUSSIA, TURKEY & OTHER EUROPE",2013,2000
MACEDONIA,"RUSSIA, TURKEY & OTHER EUROPE",2014,2700
MOLDAVIA,"RUSSIA, TURKEY & OTHER EUROPE",2005,4000
MOLDAVIA,"RUSSIA, TURKEY & OTHER EUROPE",2006,5000
MOLDAVIA,"RUSSIA, TURKEY & OTHER EUROPE",2007,7000
MOLDAVIA,"RUSSIA, TURKEY & OTHER EUROPE",2008,11000
MOLDAVIA,"RUSSIA, TURKEY & OTHER EUROPE",2009,4000
MOLDAVIA,"RUSSIA, TURKEY & OTHER EUROPE",2010,5000
MOLDAVIA,"RUSSIA, TURKEY & OTHER EUROPE",2011,5500
MOLDAVIA,"RUSSIA, TURKEY & OTHER EUROPE",2012,5000
MOLDAVIA,"RUSSIA, TURKEY & OTHER EUROPE",2013,5000
MOLDAVIA,"RUSSIA, TURKEY & OTHER EUROPE",2014,5600
RUSSIA,"RUSSIA, TURKEY & OTHER EUROPE",2005,1520225
RUSSIA,"RUSSIA, TURKEY & OTHER EUROPE",2006,1911240
RUSSIA,"RUSSIA, TURKEY & OTHER EUROPE",2007,2514920
RUSSIA,"RUSSIA, TURKEY & OTHER EUROPE",2008,2897459
RUSSIA,"RUSSIA, TURKEY & OTHER EUROPE",2009,1465742
RUSSIA,"RUSSIA, TURKEY & OTHER EUROPE",2010,1912794
RUSSIA,"RUSSIA, TURKEY & OTHER EUROPE",2011,2653688
RUSSIA,"RUSSIA, TURKEY & OTHER EUROPE",2012,2755384
RUSSIA,"RUSSIA, TURKEY & OTHER EUROPE",2013,2649181
RUSSIA,"RUSSIA, TURKEY & OTHER EUROPE",2014,2286877
SERBIA,"RUSSIA, TURKEY & OTHER EUROPE",2005,21603
SERBIA,"RUSSIA, TURKEY & OTHER EUROPE",2006,25610
SERBIA,"RUSSIA, TURKEY & OTHER EUROPE",2007,32772
SERBIA,"RUSSIA, TURKEY & OTHER EUROPE",2008,36177
SERBIA,"RUSSIA, TURKEY & OTHER EUROPE",2009,30000
SERBIA,"RUSSIA, TURKEY & OTHER EUROPE",2010,28951
SERBIA,"RUSSIA, TURKEY & OTHER EUROPE",2011,22181
SERBIA,"RUSSIA, TURKEY & OTHER EUROPE",2012,22800
SERBIA,"RUSSIA, TURKEY & OTHER EUROPE",2013,23000
SERBIA,"RUSSIA, TURKEY & OTHER EUROPE",2014,23900
TURKEY,"RUSSIA, TURKEY & OTHER EUROPE",2005,438597
TURKEY,"RUSSIA, TURKEY & OTHER EUROPE",2006,373219
TURKEY,"RUSSIA, TURKEY & OTHER EUROPE",2007,357465
TURKEY,"RUSSIA, TURKEY & OTHER EUROPE",2008,305998
TURKEY,"RUSSIA, TURKEY & OTHER EUROPE",2009,369819
TURKEY,"RUSSIA, TURKEY & OTHER EUROPE",2010,509784
TURKEY,"RUSSIA, TURKEY & OTHER EUROPE",2011,593519
TURKEY,"RUSSIA, TURKEY & OTHER EUROPE",2012,556280
TURKEY,"RUSSIA, TURKEY & OTHER EUROPE",2013,664655
TURKEY,"RUSSIA, TURKEY & OTHER EUROPE",2014,587331
UKRAINE,"RUSSIA, TURKEY & OTHER EUROPE",2005,258395
UKRAINE,"RUSSIA, TURKEY & OTHER EUROPE",2006,361549
UKRAINE,"RUSSIA, TURKEY & OTHER EUROPE",2007,500357
UKRAINE,"RUSSIA, TURKEY & OTHER EUROPE",2008,599985
UKRAINE,"RUSSIA, TURKEY & OTHER EUROPE",2009,170085
UKRAINE,"RUSSIA, TURKEY & OTHER EUROPE",2010,169540
UKRAINE,"RUSSIA, TURKEY & OTHER EUROPE",2011,207453
UKRAINE,"RUSSIA, TURKEY & OTHER EUROPE",2012,237602
UKRAINE,"RUSSIA, TURKEY & OTHER EUROPE",2013,213322
UKRAINE,"RUSSIA, TURKEY & OTHER EUROPE",2014,97020
CANADA,AMERICA,2005,847436
CANADA,AMERICA,2006,858826
CANADA,AMERICA,2007,841585
CANADA,AMERICA,2008,872720
CANADA,AMERICA,2009,729023
CANADA,AMERICA,2010,694349
CANADA,AMERICA,2011,681956
CANADA,AMERICA,2012,748530
CANADA,AMERICA,2013,755615
CANADA,AMERICA,2014,755500
MEXICO,AMERICA,2005,714010
MEXICO,AMERICA,2006,680946
MEXICO,AMERICA,2007,641394
MEXICO,AMERICA,2008,589045
MEXICO,AMERICA,2009,439120
MEXICO,AMERICA,2010,503748
MEXICO,AMERICA,2011,592101
MEXICO,AMERICA,2012,649333
MEXICO,AMERICA,2013,698217
MEXICO,AMERICA,2014,745250
UNITED STATES OF AMERICA,AMERICA,2005,7659983
UNITED STATES OF AMERICA,AMERICA,2006,7761592
UNITED STATES OF AMERICA,AMERICA,2007,7562334
UNITED STATES OF AMERICA,AMERICA,2008,6769107
UNITED STATES OF AMERICA,AMERICA,2009,5400890
UNITED STATES OF AMERICA,AMERICA,2010,5635432
UNITED STATES OF AMERICA,AMERICA,2011,6089403
UNITED STATES OF AMERICA,AMERICA,2012,7241900
UNITED STATES OF AMERICA,AMERICA,2013,7585341
UNITED STATES OF AMERICA,AMERICA,2014,7687619
ARGENTINA,CENTRAL & SOUTH AMERICA,2005,290648
ARGENTINA,CENTRAL & SOUTH AMERICA,2006,336296
ARGENTINA,CENTRAL & SOUTH AMERICA,2007,422230
ARGENTINA,CENTRAL & SOUTH AMERICA,2008,452539
ARGENTINA,CENTRAL & SOUTH AMERICA,2009,373231
ARGENTINA,CENTRAL & SOUTH AMERICA,2010,522591
ARGENTINA,CENTRAL & SOUTH AMERICA,2011,673853
ARGENTINA,CENTRAL & SOUTH AMERICA,2012,596397
ARGENTINA,CENTRAL & SOUTH AMERICA,2013,684379
ARGENTINA,CENTRAL & SOUTH AMERICA,2014,432696
BAHAMAS,CENTRAL & SOUTH AMERICA,2005,2500
BAHAMAS,CENTRAL & SOUTH AMERICA,2006,2000
BAHAMAS,CENTRAL & SOUTH AMERICA,2007,2000
BAHAMAS,CENTRAL & SOUTH AMERICA,2008,2000
BAHAMAS,CENTRAL & SOUTH AMERICA,2009,3500
BAHAMAS,CENTRAL & SOUTH AMERICA,2010,2000
BAHAMAS,CENTRAL & SOUTH AMERICA,2011,2000
BAHAMAS,CENTRAL & SOUTH AMERICA,2012,2500
BAHAMAS,CENTRAL & SOUTH AMERICA,2013,2000
BAHAMAS,CENTRAL & SOUTH AMERICA,2014,1600
BELIZE,CENTRAL & SOUTH AMERICA,2005,100
BELIZE,CENTRAL & SOUTH AMERICA,2006,200
BELIZE,CENTRAL & SOUTH AMERICA,2007,100
BELIZE,CENTRAL & SOUTH AMERICA,2008,200
BELIZE,CENTRAL & SOUTH AMERICA,2009,150
BELIZE,CENTRAL & SOUTH AMERICA,2010,100
BELIZE,CENTRAL & SOUTH AMERICA,2011,100
BELIZE,CENTRAL & SOUTH AMERICA,2012,200
BELIZE,CENTRAL & SOUTH AMERICA,2013,200
BELIZE,CENTRAL & SOUTH AMERICA,2014,200
BOLIVIA,CENTRAL & SOUTH AMERICA,2005,1000
BOLIVIA,CENTRAL & SOUTH AMERICA,2006,1500
BOLIVIA,CENTRAL & SOUTH AMERICA,2007,1500
BOLIVIA,CENTRAL & SOUTH AMERICA,2008,1500
BOLIVIA,CENTRAL & SOUTH AMERICA,2009,1000
BOLIVIA,CENTRAL & SOUTH AMERICA,2010,8000
BOLIVIA,CENTRAL & SOUTH AMERICA,2011,9500
BOLIVIA,CENTRAL & SOUTH AMERICA,2012,14000
BOLIVIA,CENTRAL & SOUTH AMERICA,2013,13900
BOLIVIA,CENTRAL & SOUTH AMERICA,2014,18500
BRAZIL,CENTRAL & SOUTH AMERICA,2005,1369182
BRAZIL,CENTRAL & SOUTH AMERICA,2006,1556220
BRAZIL,CENTRAL & SOUTH AMERICA,2007,1975518
BRAZIL,CENTRAL & SOUTH AMERICA,2008,2193277
BRAZIL,CENTRAL & SOUTH AMERICA,2009,2474764
BRAZIL,CENTRAL & SOUTH AMERICA,2010,2644706
BRAZIL,CENTRAL & SOUTH AMERICA,2011,2647250
BRAZIL,CENTRAL & SOUTH AMERICA,2012,2851540
BRAZIL,CENTRAL & SOUTH AMERICA,2013,2763718
BRAZIL,CENTRAL & SOUTH AMERICA,2014,2504161
CHILE,CENTRAL & SOUTH AMERICA,2005,140000
CHILE,CENTRAL & SOUTH AMERICA,2006,140000
CHILE,CENTRAL & SOUTH AMERICA,2007,180000
CHILE,CENTRAL & SOUTH AMERICA,2008,181523
CHILE,CENTRAL & SOUTH AMERICA,2009,130753
CHILE,CENTRAL & SOUTH AMERICA,2010,212336
CHILE,CENTRAL & SOUTH AMERICA,2011,245116
CHILE,CENTRAL & SOUTH AMERICA,2012,257013
CHILE,CENTRAL & SOUTH AMERICA,2013,286588
CHILE,CENTRAL & SOUTH AMERICA,2014,256160
COLOMBIA,CENTRAL & SOUTH AMERICA,2005,120000
COLOMBIA,CENTRAL & SOUTH AMERICA,2006,160000
COLOMBIA,CENTRAL & SOUTH AMERICA,2007,200000
COLOMBIA,CENTRAL & SOUTH AMERICA,2008,180000
COLOMBIA,CENTRAL & SOUTH AMERICA,2009,170000
COLOMBIA,CENTRAL & SOUTH AMERICA,2010,250000
COLOMBIA,CENTRAL & SOUTH AMERICA,2011,250000
COLOMBIA,CENTRAL & SOUTH AMERICA,2012,240000
COLOMBIA,CENTRAL & SOUTH AMERICA,2013,238800
COLOMBIA,CENTRAL & SOUTH AMERICA,2014,265100
COSTA RICA,CENTRAL & SOUTH AMERICA,2005,13000
COSTA RICA,CENTRAL & SOUTH AMERICA,2006,15000
COSTA RICA,CENTRAL & SOUTH AMERICA,2007,13000
COSTA RICA,CENTRAL & SOUTH AMERICA,2008,15000
COSTA RICA,CENTRAL & SOUTH AMERICA,2009,12000
COSTA RICA,CENTRAL & SOUTH AMERICA,2010,20000
COSTA RICA,CENTRAL & SOUTH AMERICA,2011,30000
COSTA RICA,CENTRAL & SOUTH AMERICA,2012,30000
COSTA RICA,CENTRAL & SOUTH AMERICA,2013,29800
COSTA RICA,CENTRAL & SOUTH AMERICA,2014,35200
CUBA,CENTRAL & SOUTH AMERICA,2005,2000
CUBA,CENTRAL & SOUTH AMERICA,2006,2000
CUBA,CENTRAL & SOUTH AMERICA,2007,3000
CUBA,CENTRAL & SOUTH AMERICA,2008,3000
CUBA,CENTRAL & SOUTH AMERICA,2009,1500
CUBA,CENTRAL & SOUTH AMERICA,2010,2000
CUBA,CENTRAL & SOUTH AMERICA,2011,3000
CUBA,CENTRAL & SOUTH AMERICA,2012,4000
CUBA,CENTRAL & SOUTH AMERICA,2013,4000
CUBA,CENTRAL & SOUTH AMERICA,2014,4000
DOMINICAN REPUBLIC,CENTRAL & SOUTH AMERICA,2005,16000
DOMINICAN REPUBLIC,CENTRAL & SOUTH AMERICA,2006,16000
DOMINICAN REPUBLIC,CENTRAL & SOUTH AMERICA,2007,18000
DOMINICAN REPUBLIC,CENTRAL & SOUTH AMERICA,2008,20000
DOMINICAN REPUBLIC,CENTRAL & SOUTH AMERICA,2009,8000
DOMINICAN REPUBLIC,CENTRAL & SOUTH AMERICA,2010,15000
DOMINICAN REPUBLIC,CENTRAL & SOUTH AMERICA,2011,15000
DOMINICAN REPUBLIC,CENTRAL & SOUTH AMERICA,2012,15000
DOMINICAN REPUBLIC,CENTRAL & SOUTH AMERICA,2013,14900
DOMINICAN REPUBLIC,CENTRAL & SOUTH AMERICA,2014,17400
ECUADOR,CENTRAL & SOUTH AMERICA,2005,54342
ECUADOR,CENTRAL & SOUTH AMERICA,2006,58900
ECUADOR,CENTRAL & SOUTH AMERICA,2007,58334
ECUADOR,CENTRAL & SOUTH AMERICA,2008,69556
ECUADOR,CENTRAL & SOUTH AMERICA,2009,60596
ECUADOR,CENTRAL & SOUTH AMERICA,2010,90250
ECUADOR,CENTRAL & SOUTH AMERICA,2011,94297
ECUADOR,CENTRAL & SOUTH AMERICA,2012,80644
ECUADOR,CENTRAL & SOUTH AMERICA,2013,74169
ECUADOR,CENTRAL & SOUTH AMERICA,2014,78495
EL SALVADOR,CENTRAL & SOUTH AMERICA,2005,4000
EL SALVADOR,CENTRAL & SOUTH AMERICA,2006,6000
EL SALVADOR,CENTRAL & SOUTH AMERICA,2007,8000
EL SALVADOR,CENTRAL & SOUTH AMERICA,2008,10000
EL SALVADOR,CENTRAL & SOUTH AMERICA,2009,2000
EL SALVADOR,CENTRAL & SOUTH AMERICA,2010,3000
EL SALVADOR,CENTRAL & SOUTH AMERICA,2011,3000
EL SALVADOR,CENTRAL & SOUTH AMERICA,2012,5000
EL SALVADOR,CENTRAL & SOUTH AMERICA,2013,5000
EL SALVADOR,CENTRAL & SOUTH AMERICA,2014,5000
GUADELOUPE,CENTRAL & SOUTH AMERICA,2005,14359
GUADELOUPE,CENTRAL & SOUTH AMERICA,2006,13562
GUADELOUPE,CENTRAL & SOUTH AMERICA,2007,15539
GUADELOUPE,CENTRAL & SOUTH AMERICA,2008,14295
GUADELOUPE,CENTRAL & SOUTH AMERICA,2009,14084
GUADELOUPE,CENTRAL & SOUTH AMERICA,2010,13480
GUADELOUPE,CENTRAL & SOUTH AMERICA,2011,13695
GUADELOUPE,CENTRAL & SOUTH AMERICA,2012,13158
GUADELOUPE,CENTRAL & SOUTH AMERICA,2013,12427
GUADELOUPE,CENTRAL & SOUTH AMERICA,2014,12599
GUATEMALA,CENTRAL & SOUTH AMERICA,2005,8100
GUATEMALA,CENTRAL & SOUTH AMERICA,2006,9400
GUATEMALA,CENTRAL & SOUTH AMERICA,2007,12100
GUATEMALA,CENTRAL & SOUTH AMERICA,2008,12800
GUATEMALA,CENTRAL & SOUTH AMERICA,2009,13000
GUATEMALA,CENTRAL & SOUTH AMERICA,2010,14100
GUATEMALA,CENTRAL & SOUTH AMERICA,2011,15000
GUATEMALA,CENTRAL & SOUTH AMERICA,2012,16000
GUATEMALA,CENTRAL & SOUTH AMERICA,2013,15900
GUATEMALA,CENTRAL & SOUTH AMERICA,2014,17300
GUYANA,CENTRAL & SOUTH AMERICA,2005,4085
GUYANA,CENTRAL & SOUTH AMERICA,2006,4071
GUYANA,CENTRAL & SOUTH AMERICA,2007,4437
GUYANA,CENTRAL & SOUTH AMERICA,2008,4357
GUYANA,CENTRAL & SOUTH AMERICA,2009,4446
GUYANA,CENTRAL & SOUTH AMERICA,2010,4393
GUYANA,CENTRAL & SOUTH AMERICA,2011,4719
GUYANA,CENTRAL & SOUTH AMERICA,2012,4357
GUYANA,CENTRAL & SOUTH AMERICA,2013,4256
GUYANA,CENTRAL & SOUTH AMERICA,2014,4248
HONDURAS,CENTRAL & SOUTH AMERICA,2005,4800
HONDURAS,CENTRAL & SOUTH AMERICA,2006,5600
HONDURAS,CENTRAL & SOUTH AMERICA,2007,7100
HONDURAS,CENTRAL & SOUTH AMERICA,2008,8000
HONDURAS,CENTRAL & SOUTH AMERICA,2009,6000
HONDURAS,CENTRAL & SOUTH AMERICA,2010,1000
HONDURAS,CENTRAL & SOUTH AMERICA,2011,1000
HONDURAS,CENTRAL & SOUTH AMERICA,2012,1000
HONDURAS,CENTRAL & SOUTH AMERICA,2013,1000
HONDURAS,CENTRAL & SOUTH AMERICA,2014,1300
JAMAICA,CENTRAL & SOUTH AMERICA,2005,3000
JAMAICA,CENTRAL & SOUTH AMERICA,2006,3000
JAMAICA,CENTRAL & SOUTH AMERICA,2007,3000
JAMAICA,CENTRAL & SOUTH AMERICA,2008,3000
JAMAICA,CENTRAL & SOUTH AMERICA,2009,4000
JAMAICA,CENTRAL & SOUTH AMERICA,2010,2000
JAMAICA,CENTRAL & SOUTH AMERICA,2011,2000
JAMAICA,CENTRAL & SOUTH AMERICA,2012,2000
JAMAICA,CENTRAL & SOUTH AMERICA,2013,2000
JAMAICA,CENTRAL & SOUTH AMERICA,2014,2300
MARTINIQUE,CENTRAL & SOUTH AMERICA,2005,14749
MARTINIQUE,CENTRAL & SOUTH AMERICA,2006,14132
MARTINIQUE,CENTRAL & SOUTH AMERICA,2007,14666
MARTINIQUE,CENTRAL & SOUTH AMERICA,2008,13679
MARTINIQUE,CENTRAL & SOUTH AMERICA,2009,13142
MARTINIQUE,CENTRAL & SOUTH AMERICA,2010,13187
MARTINIQUE,CENTRAL & SOUTH AMERICA,2011,12976
MARTINIQUE,CENTRAL & SOUTH AMERICA,2012,11527
MARTINIQUE,CENTRAL & SOUTH AMERICA,2013,11091
MARTINIQUE,CENTRAL & SOUTH AMERICA,2014,11325
NICARAGUA,CENTRAL & SOUTH AMERICA,2005,3000
NICARAGUA,CENTRAL & SOUTH AMERICA,2006,6000
NICARAGUA,CENTRAL & SOUTH AMERICA,2007,6000
NICARAGUA,CENTRAL & SOUTH AMERICA,2008,6000
NICARAGUA,CENTRAL & SOUTH AMERICA,2009,4000
NICARAGUA,CENTRAL & SOUTH AMERICA,2010,3000
NICARAGUA,CENTRAL & SOUTH AMERICA,2011,3000
NICARAGUA,CENTRAL & SOUTH AMERICA,2012,3000
NICARAGUA,CENTRAL & SOUTH AMERICA,2013,4000
NICARAGUA,CENTRAL & SOUTH AMERICA,2014,5200
PANAMA,CENTRAL & SOUTH AMERICA,2005,10000
PANAMA,CENTRAL & SOUTH AMERICA,2006,15000
PANAMA,CENTRAL & SOUTH AMERICA,2007,22000
PANAMA,CENTRAL & SOUTH AMERICA,2008,30000
PANAMA,CENTRAL & SOUTH AMERICA,2009,25000
PANAMA,CENTRAL & SOUTH AMERICA,2010,30000
PANAMA,CENTRAL & SOUTH AMERICA,2011,35000
PANAMA,CENTRAL & SOUTH AMERICA,2012,40000
PANAMA,CENTRAL & SOUTH AMERICA,2013,39800
PANAMA,CENTRAL & SOUTH AMERICA,2014,43000
PARAGUAY,CENTRAL & SOUTH AMERICA,2005,3000
PARAGUAY,CENTRAL & SOUTH AMERICA,2006,5000
PARAGUAY,CENTRAL & SOUTH AMERICA,2007,6000
PARAGUAY,CENTRAL & SOUTH AMERICA,2008,12000
PARAGUAY,CENTRAL & SOUTH AMERICA,2009,7000
PARAGUAY,CENTRAL & SOUTH AMERICA,2010,11000
PARAGUAY,CENTRAL & SOUTH AMERICA,2011,20000
PARAGUAY,CENTRAL & SOUTH AMERICA,2012,20000
PARAGUAY,CENTRAL & SOUTH AMERICA,2013,19900
PARAGUAY,CENTRAL & SOUTH AMERICA,2014,21500
PERU,CENTRAL & SOUTH AMERICA,2005,14231
PERU,CENTRAL & SOUTH AMERICA,2006,20061
PERU,CENTRAL & SOUTH AMERICA,2007,28430
PERU,CENTRAL & SOUTH AMERICA,2008,55312
PERU,CENTRAL & SOUTH AMERICA,2009,48775
PERU,CENTRAL & SOUTH AMERICA,2010,73858
PERU,CENTRAL & SOUTH AMERICA,2011,93055
PERU,CENTRAL & SOUTH AMERICA,2012,128295
PERU,CENTRAL & SOUTH AMERICA,2013,139453
PERU,CENTRAL & SOUTH AMERICA,2014,138226
PUERTO RICO,CENTRAL & SOUTH AMERICA,2005,96000
PUERTO RICO,CENTRAL & SOUTH AMERICA,2006,85000
PUERTO RICO,CENTRAL & SOUTH AMERICA,2007,92000
PUERTO RICO,CENTRAL & SOUTH AMERICA,2008,65000
PUERTO RICO,CENTRAL & SOUTH AMERICA,2009,65000
PUERTO RICO,CENTRAL & SOUTH AMERICA,2010,45000
PUERTO RICO,CENTRAL & SOUTH AMERICA,2011,55000
PUERTO RICO,CENTRAL & SOUTH AMERICA,2012,55000
PUERTO RICO,CENTRAL & SOUTH AMERICA,2013,54700
PUERTO RICO,CENTRAL & SOUTH AMERICA,2014,58500
TRINIDAD,CENTRAL & SOUTH AMERICA,2005,10000
TRINIDAD,CENTRAL & SOUTH AMERICA,2006,10000
TRINIDAD,CENTRAL & SOUTH AMERICA,2007,5000
TRINIDAD,CENTRAL & SOUTH AMERICA,2008,10000
TRINIDAD,CENTRAL & SOUTH AMERICA,2009,10000
TRINIDAD,CENTRAL & SOUTH AMERICA,2010,10000
TRINIDAD,CENTRAL & SOUTH AMERICA,2011,10000
TRINIDAD,CENTRAL & SOUTH AMERICA,2012,8000
TRINIDAD,CENTRAL & SOUTH AMERICA,2013,8000
TRINIDAD,CENTRAL & SOUTH AMERICA,2014,6300
URUGUAY,CENTRAL & SOUTH AMERICA,2005,10000
URUGUAY,CENTRAL & SOUTH AMERICA,2006,10000
URUGUAY,CENTRAL & SOUTH AMERICA,2007,12000
URUGUAY,CENTRAL & SOUTH AMERICA,2008,15000
URUGUAY,CENTRAL & SOUTH AMERICA,2009,30000
URUGUAY,CENTRAL & SOUTH AMERICA,2010,40000
URUGUAY,CENTRAL & SOUTH AMERICA,2011,38308
URUGUAY,CENTRAL & SOUTH AMERICA,2012,38109
URUGUAY,CENTRAL & SOUTH AMERICA,2013,41785
URUGUAY,CENTRAL & SOUTH AMERICA,2014,40171
VENEZUELA,CENTRAL & SOUTH AMERICA,2005,128601
VENEZUELA,CENTRAL & SOUTH AMERICA,2006,184108
VENEZUELA,CENTRAL & SOUTH AMERICA,2007,267932
VENEZUELA,CENTRAL & SOUTH AMERICA,2008,135882
VENEZUELA,CENTRAL & SOUTH AMERICA,2009,67047
VENEZUELA,CENTRAL & SOUTH AMERICA,2010,68210
VENEZUELA,CENTRAL & SOUTH AMERICA,2011,65339
VENEZUELA,CENTRAL & SOUTH AMERICA,2012,60776
VENEZUELA,CENTRAL & SOUTH AMERICA,2013,43887
VENEZUELA,CENTRAL & SOUTH AMERICA,2014,10430
AUSTRALIA,ASIA/OCEANIA/MIDDLE EAST,2005,608804
AUSTRALIA,ASIA/OCEANIA/MIDDLE EAST,2006,598394
AUSTRALIA,ASIA/OCEANIA/MIDDLE EAST,2007,637019
AUSTRALIA,ASIA/OCEANIA/MIDDLE EAST,2008,596765
AUSTRALIA,ASIA/OCEANIA/MIDDLE EAST,2009,540562
AUSTRALIA,ASIA/OCEANIA/MIDDLE EAST,2010,592122
AUSTRALIA,ASIA/OCEANIA/MIDDLE EAST,2011,559314
AUSTRALIA,ASIA/OCEANIA/MIDDLE EAST,2012,576855
AUSTRALIA,ASIA/OCEANIA/MIDDLE EAST,2013,566454
AUSTRALIA,ASIA/OCEANIA/MIDDLE EAST,2014,531596
AZERBAIDJAN,ASIA/OCEANIA/MIDDLE EAST,2005,12100
AZERBAIDJAN,ASIA/OCEANIA/MIDDLE EAST,2006,13000
AZERBAIDJAN,ASIA/OCEANIA/MIDDLE EAST,2007,15000
AZERBAIDJAN,ASIA/OCEANIA/MIDDLE EAST,2008,15000
AZERBAIDJAN,ASIA/OCEANIA/MIDDLE EAST,2009,10000
AZERBAIDJAN,ASIA/OCEANIA/MIDDLE EAST,2010,13000
AZERBAIDJAN,ASIA/OCEANIA/MIDDLE EAST,2011,10000
AZERBAIDJAN,ASIA/OCEANIA/MIDDLE EAST,2012,14000
AZERBAIDJAN,ASIA/OCEANIA/MIDDLE EAST,2013,21000
AZERBAIDJAN,ASIA/OCEANIA/MIDDLE EAST,2014,23300
BAHRAIN,ASIA/OCEANIA/MIDDLE EAST,2005,18000
BAHRAIN,ASIA/OCEANIA/MIDDLE EAST,2006,18000
BAHRAIN,ASIA/OCEANIA/MIDDLE EAST,2007,20000
BAHRAIN,ASIA/OCEANIA/MIDDLE EAST,2008,30000
BAHRAIN,ASIA/OCEANIA/MIDDLE EAST,2009,28000
BAHRAIN,ASIA/OCEANIA/MIDDLE EAST,2010,29000
BAHRAIN,ASIA/OCEANIA/MIDDLE EAST,2011,26000
BAHRAIN,ASIA/OCEANIA/MIDDLE EAST,2012,40000
BAHRAIN,ASIA/OCEANIA/MIDDLE EAST,2013,43500
BAHRAIN,ASIA/OCEANIA/MIDDLE EAST,2014,49600
BANGLADESH,ASIA/OCEANIA/MIDDLE EAST,2005,6500
BANGLADESH,ASIA/OCEANIA/MIDDLE EAST,2006,9000
BANGLADESH,ASIA/OCEANIA/MIDDLE EAST,2007,12000
BANGLADESH,ASIA/OCEANIA/MIDDLE EAST,2008,17000
BANGLADESH,ASIA/OCEANIA/MIDDLE EAST,2009,21500
BANGLADESH,ASIA/OCEANIA/MIDDLE EAST,2010,20700
BANGLADESH,ASIA/OCEANIA/MIDDLE EAST,2011,20800
BANGLADESH,ASIA/OCEANIA/MIDDLE EAST,2012,24600
BANGLADESH,ASIA/OCEANIA/MIDDLE EAST,2013,24000
BANGLADESH,ASIA/OCEANIA/MIDDLE EAST,2014,29300
BRUNEI,ASIA/OCEANIA/MIDDLE EAST,2005,15000
BRUNEI,ASIA/OCEANIA/MIDDLE EAST,2006,15000
BRUNEI,ASIA/OCEANIA/MIDDLE EAST,2007,10000
BRUNEI,ASIA/OCEANIA/MIDDLE EAST,2008,15000
BRUNEI,ASIA/OCEANIA/MIDDLE EAST,2009,10000
BRUNEI,ASIA/OCEANIA/MIDDLE EAST,2010,10000
BRUNEI,ASIA/OCEANIA/MIDDLE EAST,2011,15000
BRUNEI,ASIA/OCEANIA/MIDDLE EAST,2012,15000
BRUNEI,ASIA/OCEANIA/MIDDLE EAST,2013,14700
BRUNEI,ASIA/OCEANIA/MIDDLE EAST,2014,18100
CAMBODGE,ASIA/OCEANIA/MIDDLE EAST,2005,1000
CAMBODGE,ASIA/OCEANIA/MIDDLE EAST,2006,1000
CAMBODGE,ASIA/OCEANIA/MIDDLE EAST,2007,1500
CAMBODGE,ASIA/OCEANIA/MIDDLE EAST,2008,1500
CAMBODGE,ASIA/OCEANIA/MIDDLE EAST,2009,1500
CAMBODGE,ASIA/OCEANIA/MIDDLE EAST,2010,1500
CAMBODGE,ASIA/OCEANIA/MIDDLE EAST,2011,2000
CAMBODGE,ASIA/OCEANIA/MIDDLE EAST,2012,2000
CAMBODGE,ASIA/OCEANIA/MIDDLE EAST,2013,2000
CAMBODGE,ASIA/OCEANIA/MIDDLE EAST,2014,2400
CHINA,ASIA/OCEANIA/MIDDLE EAST,2005,3971101
CHINA,ASIA/OCEANIA/MIDDLE EAST,2006,5175961
CHINA,ASIA/OCEANIA/MIDDLE EAST,2007,6297538
CHINA,ASIA/OCEANIA/MIDDLE EAST,2008,6755609
CHINA,ASIA/OCEANIA/MIDDLE EAST,2009,10331315
CHINA,ASIA/OCEANIA/MIDDLE EAST,2010,13757794
CHINA,ASIA/OCEANIA/MIDDLE EAST,2011,14472416
CHINA,ASIA/OCEANIA/MIDDLE EAST,2012,15495240
CHINA,ASIA/OCEANIA/MIDDLE EAST,2013,17927730
CHINA,ASIA/OCEANIA/MIDDLE EAST,2014,19700569
HONG-KONG,ASIA/OCEANIA/MIDDLE EAST,2005,27483
HONG-KONG,ASIA/OCEANIA/MIDDLE EAST,2006,27877
HONG-KONG,ASIA/OCEANIA/MIDDLE EAST,2007,33462
HONG-KONG,ASIA/OCEANIA/MIDDLE EAST,2008,35182
HONG-KONG,ASIA/OCEANIA/MIDDLE EAST,2009,28797
HONG-KONG,ASIA/OCEANIA/MIDDLE EAST,2010,41638
HONG-KONG,ASIA/OCEANIA/MIDDLE EAST,2011,44845
HONG-KONG,ASIA/OCEANIA/MIDDLE EAST,2012,45283
HONG-KONG,ASIA/OCEANIA/MIDDLE EAST,2013,46147
HONG-KONG,ASIA/OCEANIA/MIDDLE EAST,2014,48500
INDIA,ASIA/OCEANIA/MIDDLE EAST,2005,1106863
INDIA,ASIA/OCEANIA/MIDDLE EAST,2006,1311373
INDIA,ASIA/OCEANIA/MIDDLE EAST,2007,1511812
INDIA,ASIA/OCEANIA/MIDDLE EAST,2008,1545414
INDIA,ASIA/OCEANIA/MIDDLE EAST,2009,1816878
INDIA,ASIA/OCEANIA/MIDDLE EAST,2010,2387197
INDIA,ASIA/OCEANIA/MIDDLE EAST,2011,2510313
INDIA,ASIA/OCEANIA/MIDDLE EAST,2012,2781919
INDIA,ASIA/OCEANIA/MIDDLE EAST,2013,2553979
INDIA,ASIA/OCEANIA/MIDDLE EAST,2014,2570531
INDONESIA,ASIA/OCEANIA/MIDDLE EAST,2005,364319
INDONESIA,ASIA/OCEANIA/MIDDLE EAST,2006,222387
INDONESIA,ASIA/OCEANIA/MIDDLE EAST,2007,314769
INDONESIA,ASIA/OCEANIA/MIDDLE EAST,2008,425267
INDONESIA,ASIA/OCEANIA/MIDDLE EAST,2009,359367
INDONESIA,ASIA/OCEANIA/MIDDLE EAST,2010,541475
INDONESIA,ASIA/OCEANIA/MIDDLE EAST,2011,602291
INDONESIA,ASIA/OCEANIA/MIDDLE EAST,2012,780785
INDONESIA,ASIA/OCEANIA/MIDDLE EAST,2013,880032
INDONESIA,ASIA/OCEANIA/MIDDLE EAST,2014,879461
IRAK,ASIA/OCEANIA/MIDDLE EAST,2005,2000
IRAK,ASIA/OCEANIA/MIDDLE EAST,2006,5000
IRAK,ASIA/OCEANIA/MIDDLE EAST,2007,4000
IRAK,ASIA/OCEANIA/MIDDLE EAST,2008,20000
IRAK,ASIA/OCEANIA/MIDDLE EAST,2009,35000
IRAK,ASIA/OCEANIA/MIDDLE EAST,2010,65000
IRAK,ASIA/OCEANIA/MIDDLE EAST,2011,71500
IRAK,ASIA/OCEANIA/MIDDLE EAST,2012,80000
IRAK,ASIA/OCEANIA/MIDDLE EAST,2013,78200
IRAK,ASIA/OCEANIA/MIDDLE EAST,2014,61000
IRAN,ASIA/OCEANIA/MIDDLE EAST,2005,730000
IRAN,ASIA/OCEANIA/MIDDLE EAST,2006,850000
IRAN,ASIA/OCEANIA/MIDDLE EAST,2007,900000
IRAN,ASIA/OCEANIA/MIDDLE EAST,2008,1000000
IRAN,ASIA/OCEANIA/MIDDLE EAST,2009,1100000
IRAN,ASIA/OCEANIA/MIDDLE EAST,2010,1410403
IRAN,ASIA/OCEANIA/MIDDLE EAST,2011,1452965
IRAN,ASIA/OCEANIA/MIDDLE EAST,2012,901268
IRAN,ASIA/OCEANIA/MIDDLE EAST,2013,691709
IRAN,ASIA/OCEANIA/MIDDLE EAST,2014,1106700
ISRAEL,ASIA/OCEANIA/MIDDLE EAST,2005,130000
ISRAEL,ASIA/OCEANIA/MIDDLE EAST,2006,130000
ISRAEL,ASIA/OCEANIA/MIDDLE EAST,2007,200000
ISRAEL,ASIA/OCEANIA/MIDDLE EAST,2008,170000
ISRAEL,ASIA/OCEANIA/MIDDLE EAST,2009,160000
ISRAEL,ASIA/OCEANIA/MIDDLE EAST,2010,200000
ISRAEL,ASIA/OCEANIA/MIDDLE EAST,2011,210000
ISRAEL,ASIA/OCEANIA/MIDDLE EAST,2012,190000
ISRAEL,ASIA/OCEANIA/MIDDLE EAST,2013,200000
ISRAEL,ASIA/OCEANIA/MIDDLE EAST,2014,228000
JAPAN,ASIA/OCEANIA/MIDDLE EAST,2005,4748482
JAPAN,ASIA/OCEANIA/MIDDLE EAST,2006,4612318
JAPAN,ASIA/OCEANIA/MIDDLE EAST,2007,4325508
JAPAN,ASIA/OCEANIA/MIDDLE EAST,2008,4184266
JAPAN,ASIA/OCEANIA/MIDDLE EAST,2009,3905310
JAPAN,ASIA/OCEANIA/MIDDLE EAST,2010,4203181
JAPAN,ASIA/OCEANIA/MIDDLE EAST,2011,3509036
JAPAN,ASIA/OCEANIA/MIDDLE EAST,2012,4572333
JAPAN,ASIA/OCEANIA/MIDDLE EAST,2013,4562282
JAPAN,ASIA/OCEANIA/MIDDLE EAST,2014,4699590
JORDAN,ASIA/OCEANIA/MIDDLE EAST,2005,10000
JORDAN,ASIA/OCEANIA/MIDDLE EAST,2006,5000
JORDAN,ASIA/OCEANIA/MIDDLE EAST,2007,5000
JORDAN,ASIA/OCEANIA/MIDDLE EAST,2008,9000
JORDAN,ASIA/OCEANIA/MIDDLE EAST,2009,10500
JORDAN,ASIA/OCEANIA/MIDDLE EAST,2010,10000
JORDAN,ASIA/OCEANIA/MIDDLE EAST,2011,11000
JORDAN,ASIA/OCEANIA/MIDDLE EAST,2012,11500
JORDAN,ASIA/OCEANIA/MIDDLE EAST,2013,14500
JORDAN,ASIA/OCEANIA/MIDDLE EAST,2014,15700
KAZAKSTAN,ASIA/OCEANIA/MIDDLE EAST,2005,39800
KAZAKSTAN,ASIA/OCEANIA/MIDDLE EAST,2006,39100
KAZAKSTAN,ASIA/OCEANIA/MIDDLE EAST,2007,39500
KAZAKSTAN,ASIA/OCEANIA/MIDDLE EAST,2008,39000
KAZAKSTAN,ASIA/OCEANIA/MIDDLE EAST,2009,40000
KAZAKSTAN,ASIA/OCEANIA/MIDDLE EAST,2010,24000
KAZAKSTAN,ASIA/OCEANIA/MIDDLE EAST,2011,38348
KAZAKSTAN,ASIA/OCEANIA/MIDDLE EAST,2012,86959
KAZAKSTAN,ASIA/OCEANIA/MIDDLE EAST,2013,153664
KAZAKSTAN,ASIA/OCEANIA/MIDDLE EAST,2014,151424
KIRGHIZISTAN,ASIA/OCEANIA/MIDDLE EAST,2005,5000
KIRGHIZISTAN,ASIA/OCEANIA/MIDDLE EAST,2006,5000
KIRGHIZISTAN,ASIA/OCEANIA/MIDDLE EAST,2007,5000
KIRGHIZISTAN,ASIA/OCEANIA/MIDDLE EAST,2008,4000
KIRGHIZISTAN,ASIA/OCEANIA/MIDDLE EAST,2009,4500
KIRGHIZISTAN,ASIA/OCEANIA/MIDDLE EAST,2010,4000
KIRGHIZISTAN,ASIA/OCEANIA/MIDDLE EAST,2011,5000
KIRGHIZISTAN,ASIA/OCEANIA/MIDDLE EAST,2012,4000
KIRGHIZISTAN,ASIA/OCEANIA/MIDDLE EAST,2013,4000
KIRGHIZISTAN,ASIA/OCEANIA/MIDDLE EAST,2014,4000
KUWAIT,ASIA/OCEANIA/MIDDLE EAST,2005,50000
KUWAIT,ASIA/OCEANIA/MIDDLE EAST,2006,65000
KUWAIT,ASIA/OCEANIA/MIDDLE EAST,2007,70000
KUWAIT,ASIA/OCEANIA/MIDDLE EAST,2008,80000
KUWAIT,ASIA/OCEANIA/MIDDLE EAST,2009,90000
KUWAIT,ASIA/OCEANIA/MIDDLE EAST,2010,90000
KUWAIT,ASIA/OCEANIA/MIDDLE EAST,2011,95000
KUWAIT,ASIA/OCEANIA/MIDDLE EAST,2012,116500
KUWAIT,ASIA/OCEANIA/MIDDLE EAST,2013,125000
KUWAIT,ASIA/OCEANIA/MIDDLE EAST,2014,126300
LAOS,ASIA/OCEANIA/MIDDLE EAST,2005,1000
LAOS,ASIA/OCEANIA/MIDDLE EAST,2006,1000
LAOS,ASIA/OCEANIA/MIDDLE EAST,2007,1500
LAOS,ASIA/OCEANIA/MIDDLE EAST,2008,2000
LAOS,ASIA/OCEANIA/MIDDLE EAST,2009,3000
LAOS,ASIA/OCEANIA/MIDDLE EAST,2010,4000
LAOS,ASIA/OCEANIA/MIDDLE EAST,2011,4000
LAOS,ASIA/OCEANIA/MIDDLE EAST,2012,5000
LAOS,ASIA/OCEANIA/MIDDLE EAST,2013,6000
LAOS,ASIA/OCEANIA/MIDDLE EAST,2014,9800
LEBANON,ASIA/OCEANIA/MIDDLE EAST,2005,15000
LEBANON,ASIA/OCEANIA/MIDDLE EAST,2006,15000
LEBANON,ASIA/OCEANIA/MIDDLE EAST,2007,20000
LEBANON,ASIA/OCEANIA/MIDDLE EAST,2008,33000
LEBANON,ASIA/OCEANIA/MIDDLE EAST,2009,32000
LEBANON,ASIA/OCEANIA/MIDDLE EAST,2010,33000
LEBANON,ASIA/OCEANIA/MIDDLE EAST,2011,31000
LEBANON,ASIA/OCEANIA/MIDDLE EAST,2012,35500
LEBANON,ASIA/OCEANIA/MIDDLE EAST,2013,35500
LEBANON,ASIA/OCEANIA/MIDDLE EAST,2014,38300
MALAYSIA,ASIA/OCEANIA/MIDDLE EAST,2005,410892
MALAYSIA,ASIA/OCEANIA/MIDDLE EAST,2006,374169
MALAYSIA,ASIA/OCEANIA/MIDDLE EAST,2007,442885
MALAYSIA,ASIA/OCEANIA/MIDDLE EAST,2008,497459
MALAYSIA,ASIA/OCEANIA/MIDDLE EAST,2009,486342
MALAYSIA,ASIA/OCEANIA/MIDDLE EAST,2010,543594
MALAYSIA,ASIA/OCEANIA/MIDDLE EAST,2011,535113
MALAYSIA,ASIA/OCEANIA/MIDDLE EAST,2012,552189
MALAYSIA,ASIA/OCEANIA/MIDDLE EAST,2013,576657
MALAYSIA,ASIA/OCEANIA/MIDDLE EAST,2014,588341
MONGOLIA,ASIA/OCEANIA/MIDDLE EAST,2005,500
MONGOLIA,ASIA/OCEANIA/MIDDLE EAST,2006,500
MONGOLIA,ASIA/OCEANIA/MIDDLE EAST,2007,1000
MONGOLIA,ASIA/OCEANIA/MIDDLE EAST,2008,3000
MONGOLIA,ASIA/OCEANIA/MIDDLE EAST,2009,3000
MONGOLIA,ASIA/OCEANIA/MIDDLE EAST,2010,3000
MONGOLIA,ASIA/OCEANIA/MIDDLE EAST,2011,3000
MONGOLIA,ASIA/OCEANIA/MIDDLE EAST,2012,2000
MONGOLIA,ASIA/OCEANIA/MIDDLE EAST,2013,1500
MONGOLIA,ASIA/OCEANIA/MIDDLE EAST,2014,1100
MYANMAR,ASIA/OCEANIA/MIDDLE EAST,2005,1000
MYANMAR,ASIA/OCEANIA/MIDDLE EAST,2006,1000
MYANMAR,ASIA/OCEANIA/MIDDLE EAST,2007,1000
MYANMAR,ASIA/OCEANIA/MIDDLE EAST,2008,1200
MYANMAR,ASIA/OCEANIA/MIDDLE EAST,2009,1500
MYANMAR,ASIA/OCEANIA/MIDDLE EAST,2010,1800
MYANMAR,ASIA/OCEANIA/MIDDLE EAST,2011,1800
MYANMAR,ASIA/OCEANIA/MIDDLE EAST,2012,2100
MYANMAR,ASIA/OCEANIA/MIDDLE EAST,2013,2000
MYANMAR,ASIA/OCEANIA/MIDDLE EAST,2014,1000
NEPAL,ASIA/OCEANIA/MIDDLE EAST,2005,1000
NEPAL,ASIA/OCEANIA/MIDDLE EAST,2006,1000
NEPAL,ASIA/OCEANIA/MIDDLE EAST,2007,2000
NEPAL,ASIA/OCEANIA/MIDDLE EAST,2008,1500
NEPAL,ASIA/OCEANIA/MIDDLE EAST,2009,2000
NEPAL,ASIA/OCEANIA/MIDDLE EAST,2010,1000
NEPAL,ASIA/OCEANIA/MIDDLE EAST,2011,3000
NEPAL,ASIA/OCEANIA/MIDDLE EAST,2012,3600
NEPAL,ASIA/OCEANIA/MIDDLE EAST,2013,3500
NEPAL,ASIA/OCEANIA/MIDDLE EAST,2014,5300
NEW CALEDONIA,ASIA/OCEANIA/MIDDLE EAST,2005,7397
NEW CALEDONIA,ASIA/OCEANIA/MIDDLE EAST,2006,7251
NEW CALEDONIA,ASIA/OCEANIA/MIDDLE EAST,2007,7717
NEW CALEDONIA,ASIA/OCEANIA/MIDDLE EAST,2008,7853
NEW CALEDONIA,ASIA/OCEANIA/MIDDLE EAST,2009,7246
NEW CALEDONIA,ASIA/OCEANIA/MIDDLE EAST,2010,7354
NEW CALEDONIA,ASIA/OCEANIA/MIDDLE EAST,2011,7525
NEW CALEDONIA,ASIA/OCEANIA/MIDDLE EAST,2012,7250
NEW CALEDONIA,ASIA/OCEANIA/MIDDLE EAST,2013,5934
NEW CALEDONIA,ASIA/OCEANIA/MIDDLE EAST,2014,5343
NEW ZEALAND,ASIA/OCEANIA/MIDDLE EAST,2005,77825
NEW ZEALAND,ASIA/OCEANIA/MIDDLE EAST,2006,76804
NEW ZEALAND,ASIA/OCEANIA/MIDDLE EAST,2007,77454
NEW ZEALAND,ASIA/OCEANIA/MIDDLE EAST,2008,73397
NEW ZEALAND,ASIA/OCEANIA/MIDDLE EAST,2009,54404
NEW ZEALAND,ASIA/OCEANIA/MIDDLE EAST,2010,62029
NEW ZEALAND,ASIA/OCEANIA/MIDDLE EAST,2011,63471
NEW ZEALAND,ASIA/OCEANIA/MIDDLE EAST,2012,76871
NEW ZEALAND,ASIA/OCEANIA/MIDDLE EAST,2013,82433
NEW ZEALAND,ASIA/OCEANIA/MIDDLE EAST,2014,84007
OMAN,ASIA/OCEANIA/MIDDLE EAST,2005,148100
OMAN,ASIA/OCEANIA/MIDDLE EAST,2006,145400
OMAN,ASIA/OCEANIA/MIDDLE EAST,2007,146700
OMAN,ASIA/OCEANIA/MIDDLE EAST,2008,145000
OMAN,ASIA/OCEANIA/MIDDLE EAST,2009,105000
OMAN,ASIA/OCEANIA/MIDDLE EAST,2010,115000
OMAN,ASIA/OCEANIA/MIDDLE EAST,2011,115000
OMAN,ASIA/OCEANIA/MIDDLE EAST,2012,130000
OMAN,ASIA/OCEANIA/MIDDLE EAST,2013,140000
OMAN,ASIA/OCEANIA/MIDDLE EAST,2014,138600
PAKISTAN,ASIA/OCEANIA/MIDDLE EAST,2005,141326
PAKISTAN,ASIA/OCEANIA/MIDDLE EAST,2006,160256
PAKISTAN,ASIA/OCEANIA/MIDDLE EAST,2007,159457
PAKISTAN,ASIA/OCEANIA/MIDDLE EAST,2008,127863
PAKISTAN,ASIA/OCEANIA/MIDDLE EAST,2009,94437
PAKISTAN,ASIA/OCEANIA/MIDDLE EAST,2010,130038
PAKISTAN,ASIA/OCEANIA/MIDDLE EAST,2011,140184
PAKISTAN,ASIA/OCEANIA/MIDDLE EAST,2012,136026
PAKISTAN,ASIA/OCEANIA/MIDDLE EAST,2013,121122
PAKISTAN,ASIA/OCEANIA/MIDDLE EAST,2014,123950
PALESTINE,ASIA/OCEANIA/MIDDLE EAST,2005,13500
PALESTINE,ASIA/OCEANIA/MIDDLE EAST,2006,15700
PALESTINE,ASIA/OCEANIA/MIDDLE EAST,2007,16400
PALESTINE,ASIA/OCEANIA/MIDDLE EAST,2008,18400
PALESTINE,ASIA/OCEANIA/MIDDLE EAST,2009,13400
PALESTINE,ASIA/OCEANIA/MIDDLE EAST,2010,17400
PALESTINE,ASIA/OCEANIA/MIDDLE EAST,2011,19700
PALESTINE,ASIA/OCEANIA/MIDDLE EAST,2012,21600
PALESTINE,ASIA/OCEANIA/MIDDLE EAST,2013,21100
PALESTINE,ASIA/OCEANIA/MIDDLE EAST,2014,21100
PHILIPPINES,ASIA/OCEANIA/MIDDLE EAST,2005,35063
PHILIPPINES,ASIA/OCEANIA/MIDDLE EAST,2006,38131
PHILIPPINES,ASIA/OCEANIA/MIDDLE EAST,2007,41107
PHILIPPINES,ASIA/OCEANIA/MIDDLE EAST,2008,44313
PHILIPPINES,ASIA/OCEANIA/MIDDLE EAST,2009,46111
PHILIPPINES,ASIA/OCEANIA/MIDDLE EAST,2010,59623
PHILIPPINES,ASIA/OCEANIA/MIDDLE EAST,2011,57768
PHILIPPINES,ASIA/OCEANIA/MIDDLE EAST,2012,64165
PHILIPPINES,ASIA/OCEANIA/MIDDLE EAST,2013,76822
PHILIPPINES,ASIA/OCEANIA/MIDDLE EAST,2014,108327
QATAR,ASIA/OCEANIA/MIDDLE EAST,2005,61200
QATAR,ASIA/OCEANIA/MIDDLE EAST,2006,60100
QATAR,ASIA/OCEANIA/MIDDLE EAST,2007,60700
QATAR,ASIA/OCEANIA/MIDDLE EAST,2008,60000
QATAR,ASIA/OCEANIA/MIDDLE EAST,2009,40000
QATAR,ASIA/OCEANIA/MIDDLE EAST,2010,40000
QATAR,ASIA/OCEANIA/MIDDLE EAST,2011,45000
QATAR,ASIA/OCEANIA/MIDDLE EAST,2012,60000
QATAR,ASIA/OCEANIA/MIDDLE EAST,2013,65000
QATAR,ASIA/OCEANIA/MIDDLE EAST,2014,71500
SAUDI ARABIA,ASIA/OCEANIA/MIDDLE EAST,2005,408700
SAUDI ARABIA,ASIA/OCEANIA/MIDDLE EAST,2006,401100
SAUDI ARABIA,ASIA/OCEANIA/MIDDLE EAST,2007,404800
SAUDI ARABIA,ASIA/OCEANIA/MIDDLE EAST,2008,400000
SAUDI ARABIA,ASIA/OCEANIA/MIDDLE EAST,2009,390000
SAUDI ARABIA,ASIA/OCEANIA/MIDDLE EAST,2010,450000
SAUDI ARABIA,ASIA/OCEANIA/MIDDLE EAST,2011,460000
SAUDI ARABIA,ASIA/OCEANIA/MIDDLE EAST,2012,540000
SAUDI ARABIA,ASIA/OCEANIA/MIDDLE EAST,2013,570000
SAUDI ARABIA,ASIA/OCEANIA/MIDDLE EAST,2014,632700
SINGAPORE,ASIA/OCEANIA/MIDDLE EAST,2005,109167
SINGAPORE,ASIA/OCEANIA/MIDDLE EAST,2006,116849
SINGAPORE,ASIA/OCEANIA/MIDDLE EAST,2007,110814
SINGAPORE,ASIA/OCEANIA/MIDDLE EAST,2008,100979
SINGAPORE,ASIA/OCEANIA/MIDDLE EAST,2009,73183
SINGAPORE,ASIA/OCEANIA/MIDDLE EAST,2010,47273
SINGAPORE,ASIA/OCEANIA/MIDDLE EAST,2011,33493
SINGAPORE,ASIA/OCEANIA/MIDDLE EAST,2012,32724
SINGAPORE,ASIA/OCEANIA/MIDDLE EAST,2013,27955
SINGAPORE,ASIA/OCEANIA/MIDDLE EAST,2014,28932
SOUTH KOREA,ASIA/OCEANIA/MIDDLE EAST,2005,893159
SOUTH KOREA,ASIA/OCEANIA/MIDDLE EAST,2006,932650
SOUTH KOREA,ASIA/OCEANIA/MIDDLE EAST,2007,1010790
SOUTH KOREA,ASIA/OCEANIA/MIDDLE EAST,2008,1017595
SOUTH KOREA,ASIA/OCEANIA/MIDDLE EAST,2009,1221118
SOUTH KOREA,ASIA/OCEANIA/MIDDLE EAST,2010,1237482
SOUTH KOREA,ASIA/OCEANIA/MIDDLE EAST,2011,1293501
SOUTH KOREA,ASIA/OCEANIA/MIDDLE EAST,2012,1256403
SOUTH KOREA,ASIA/OCEANIA/MIDDLE EAST,2013,1243868
SOUTH KOREA,ASIA/OCEANIA/MIDDLE EAST,2014,1359834
SRI LANKA,ASIA/OCEANIA/MIDDLE EAST,2005,2600
SRI LANKA,ASIA/OCEANIA/MIDDLE EAST,2006,2800
SRI LANKA,ASIA/OCEANIA/MIDDLE EAST,2007,2900
SRI LANKA,ASIA/OCEANIA/MIDDLE EAST,2008,3000
SRI LANKA,ASIA/OCEANIA/MIDDLE EAST,2009,3000
SRI LANKA,ASIA/OCEANIA/MIDDLE EAST,2010,2000
SRI LANKA,ASIA/OCEANIA/MIDDLE EAST,2011,7000
SRI LANKA,ASIA/OCEANIA/MIDDLE EAST,2012,8000
SRI LANKA,ASIA/OCEANIA/MIDDLE EAST,2013,10000
SRI LANKA,ASIA/OCEANIA/MIDDLE EAST,2014,13800
SYRIA,ASIA/OCEANIA/MIDDLE EAST,2005,32985
SYRIA,ASIA/OCEANIA/MIDDLE EAST,2006,45467
SYRIA,ASIA/OCEANIA/MIDDLE EAST,2007,36000
SYRIA,ASIA/OCEANIA/MIDDLE EAST,2008,42000
SYRIA,ASIA/OCEANIA/MIDDLE EAST,2009,46000
SYRIA,ASIA/OCEANIA/MIDDLE EAST,2010,78147
SYRIA,ASIA/OCEANIA/MIDDLE EAST,2011,33160
SYRIA,ASIA/OCEANIA/MIDDLE EAST,2012,36300
SYRIA,ASIA/OCEANIA/MIDDLE EAST,2013,35500
SYRIA,ASIA/OCEANIA/MIDDLE EAST,2014,33400
TADJIKISTAN,ASIA/OCEANIA/MIDDLE EAST,2005,5300
TADJIKISTAN,ASIA/OCEANIA/MIDDLE EAST,2006,5700
TADJIKISTAN,ASIA/OCEANIA/MIDDLE EAST,2007,5800
TADJIKISTAN,ASIA/OCEANIA/MIDDLE EAST,2008,6000
TADJIKISTAN,ASIA/OCEANIA/MIDDLE EAST,2009,7000
TADJIKISTAN,ASIA/OCEANIA/MIDDLE EAST,2010,6500
TADJIKISTAN,ASIA/OCEANIA/MIDDLE EAST,2011,7500
TADJIKISTAN,ASIA/OCEANIA/MIDDLE EAST,2012,6000
TADJIKISTAN,ASIA/OCEANIA/MIDDLE EAST,2013,6000
TADJIKISTAN,ASIA/OCEANIA/MIDDLE EAST,2014,6100
TAHITI,ASIA/OCEANIA/MIDDLE EAST,2005,5200
TAHITI,ASIA/OCEANIA/MIDDLE EAST,2006,5100
TAHITI,ASIA/OCEANIA/MIDDLE EAST,2007,5400
TAHITI,ASIA/OCEANIA/MIDDLE EAST,2008,5000
TAHITI,ASIA/OCEANIA/MIDDLE EAST,2009,3500
TAHITI,ASIA/OCEANIA/MIDDLE EAST,2010,3500
TAHITI,ASIA/OCEANIA/MIDDLE EAST,2011,4000
TAHITI,ASIA/OCEANIA/MIDDLE EAST,2012,3000
TAHITI,ASIA/OCEANIA/MIDDLE EAST,2013,2500
TAHITI,ASIA/OCEANIA/MIDDLE EAST,2014,2500
TAIWAN,ASIA/OCEANIA/MIDDLE EAST,2005,325840
TAIWAN,ASIA/OCEANIA/MIDDLE EAST,2006,218610
TAIWAN,ASIA/OCEANIA/MIDDLE EAST,2007,213327
TAIWAN,ASIA/OCEANIA/MIDDLE EAST,2008,141161
TAIWAN,ASIA/OCEANIA/MIDDLE EAST,2009,187262
TAIWAN,ASIA/OCEANIA/MIDDLE EAST,2010,208300
TAIWAN,ASIA/OCEANIA/MIDDLE EAST,2011,235205
TAIWAN,ASIA/OCEANIA/MIDDLE EAST,2012,211578
TAIWAN,ASIA/OCEANIA/MIDDLE EAST,2013,211824
TAIWAN,ASIA/OCEANIA/MIDDLE EAST,2014,235480
THAILAND,ASIA/OCEANIA/MIDDLE EAST,2005,178291
THAILAND,ASIA/OCEANIA/MIDDLE EAST,2006,184544
THAILAND,ASIA/OCEANIA/MIDDLE EAST,2007,172321
THAILAND,ASIA/OCEANIA/MIDDLE EAST,2008,226805
THAILAND,ASIA/OCEANIA/MIDDLE EAST,2009,230037
THAILAND,ASIA/OCEANIA/MIDDLE EAST,2010,346644
THAILAND,ASIA/OCEANIA/MIDDLE EAST,2011,360441
THAILAND,ASIA/OCEANIA/MIDDLE EAST,2012,660214
THAILAND,ASIA/OCEANIA/MIDDLE EAST,2013,663746
THAILAND,ASIA/OCEANIA/MIDDLE EAST,2014,411402
TUKMENISTAN,ASIA/OCEANIA/MIDDLE EAST,2005,3900
TUKMENISTAN,ASIA/OCEANIA/MIDDLE EAST,2006,4200
TUKMENISTAN,ASIA/OCEANIA/MIDDLE EAST,2007,4300
TUKMENISTAN,ASIA/OCEANIA/MIDDLE EAST,2008,4500
TUKMENISTAN,ASIA/OCEANIA/MIDDLE EAST,2009,4500
TUKMENISTAN,ASIA/OCEANIA/MIDDLE EAST,2010,4500
TUKMENISTAN,ASIA/OCEANIA/MIDDLE EAST,2011,5000
TUKMENISTAN,ASIA/OCEANIA/MIDDLE EAST,2012,4500
TUKMENISTAN,ASIA/OCEANIA/MIDDLE EAST,2013,4500
TUKMENISTAN,ASIA/OCEANIA/MIDDLE EAST,2014,4600
UNITED ARAB EMIRATES,ASIA/OCEANIA/MIDDLE EAST,2005,137000
UNITED ARAB EMIRATES,ASIA/OCEANIA/MIDDLE EAST,2006,150000
UNITED ARAB EMIRATES,ASIA/OCEANIA/MIDDLE EAST,2007,135000
UNITED ARAB EMIRATES,ASIA/OCEANIA/MIDDLE EAST,2008,191544
UNITED ARAB EMIRATES,ASIA/OCEANIA/MIDDLE EAST,2009,90238
UNITED ARAB EMIRATES,ASIA/OCEANIA/MIDDLE EAST,2010,136979
UNITED ARAB EMIRATES,ASIA/OCEANIA/MIDDLE EAST,2011,193268
UNITED ARAB EMIRATES,ASIA/OCEANIA/MIDDLE EAST,2012,211500
UNITED ARAB EMIRATES,ASIA/OCEANIA/MIDDLE EAST,2013,206700
UNITED ARAB EMIRATES,ASIA/OCEANIA/MIDDLE EAST,2014,206700
UZBEKISTAN,ASIA/OCEANIA/MIDDLE EAST,2005,28500
UZBEKISTAN,ASIA/OCEANIA/MIDDLE EAST,2006,31100
UZBEKISTAN,ASIA/OCEANIA/MIDDLE EAST,2007,31700
UZBEKISTAN,ASIA/OCEANIA/MIDDLE EAST,2008,43000
UZBEKISTAN,ASIA/OCEANIA/MIDDLE EAST,2009,45000
UZBEKISTAN,ASIA/OCEANIA/MIDDLE EAST,2010,43500
UZBEKISTAN,ASIA/OCEANIA/MIDDLE EAST,2011,48000
UZBEKISTAN,ASIA/OCEANIA/MIDDLE EAST,2012,45000
UZBEKISTAN,ASIA/OCEANIA/MIDDLE EAST,2013,45500
UZBEKISTAN,ASIA/OCEANIA/MIDDLE EAST,2014,46000
VIETNAM,ASIA/OCEANIA/MIDDLE EAST,2005,24888
VIETNAM,ASIA/OCEANIA/MIDDLE EAST,2006,23335
VIETNAM,ASIA/OCEANIA/MIDDLE EAST,2007,40115
VIETNAM,ASIA/OCEANIA/MIDDLE EAST,2008,50877
VIETNAM,ASIA/OCEANIA/MIDDLE EAST,2009,62722
VIETNAM,ASIA/OCEANIA/MIDDLE EAST,2010,57778
VIETNAM,ASIA/OCEANIA/MIDDLE EAST,2011,64564
VIETNAM,ASIA/OCEANIA/MIDDLE EAST,2012,44070
VIETNAM,ASIA/OCEANIA/MIDDLE EAST,2013,59857
VIETNAM,ASIA/OCEANIA/MIDDLE EAST,2014,79806
YEMEN,ASIA/OCEANIA/MIDDLE EAST,2005,4000
YEMEN,ASIA/OCEANIA/MIDDLE EAST,2006,4700
YEMEN,ASIA/OCEANIA/MIDDLE EAST,2007,4800
YEMEN,ASIA/OCEANIA/MIDDLE EAST,2008,5000
YEMEN,ASIA/OCEANIA/MIDDLE EAST,2009,5000
YEMEN,ASIA/OCEANIA/MIDDLE EAST,2010,2000
YEMEN,ASIA/OCEANIA/MIDDLE EAST,2011,2000
YEMEN,ASIA/OCEANIA/MIDDLE EAST,2012,2000
YEMEN,ASIA/OCEANIA/MIDDLE EAST,2013,2000
YEMEN,ASIA/OCEANIA/MIDDLE EAST,2014,2100
ALGERIA,AFRICA,2005,71046
ALGERIA,AFRICA,2006,81803
ALGERIA,AFRICA,2007,97239
ALGERIA,AFRICA,2008,111753
ALGERIA,AFRICA,2009,131259
ALGERIA,AFRICA,2010,97765
ALGERIA,AFRICA,2011,165415
ALGERIA,AFRICA,2012,188990
ALGERIA,AFRICA,2013,222710
ALGERIA,AFRICA,2014,178200
ANGOLA,AFRICA,2005,6000
ANGOLA,AFRICA,2006,8000
ANGOLA,AFRICA,2007,3500
ANGOLA,AFRICA,2008,3500
ANGOLA,AFRICA,2009,10000
ANGOLA,AFRICA,2010,20000
ANGOLA,AFRICA,2011,10000
ANGOLA,AFRICA,2012,17000
ANGOLA,AFRICA,2013,20000
ANGOLA,AFRICA,2014,24000
BOTSWANA,AFRICA,2005,12905
BOTSWANA,AFRICA,2006,13073
BOTSWANA,AFRICA,2007,16538
BOTSWANA,AFRICA,2008,20037
BOTSWANA,AFRICA,2009,19354
BOTSWANA,AFRICA,2010,20972
BOTSWANA,AFRICA,2011,25204
BOTSWANA,AFRICA,2012,31471
BOTSWANA,AFRICA,2013,31122
BOTSWANA,AFRICA,2014,26500
BURKINA,AFRICA,2005,500
BURKINA,AFRICA,2006,500
BURKINA,AFRICA,2007,500
BURKINA,AFRICA,2008,600
BURKINA,AFRICA,2009,550
BURKINA,AFRICA,2010,700
BURKINA,AFRICA,2011,500
BURKINA,AFRICA,2012,500
BURKINA,AFRICA,2013,700
BURKINA,AFRICA,2014,700
BURUNDI,AFRICA,2005,500
BURUNDI,AFRICA,2006,500
BURUNDI,AFRICA,2007,600
BURUNDI,AFRICA,2008,700
BURUNDI,AFRICA,2009,700
BURUNDI,AFRICA,2010,300
BURUNDI,AFRICA,2011,200
BURUNDI,AFRICA,2012,210
BURUNDI,AFRICA,2013,210
BURUNDI,AFRICA,2014,200
CAMEROON,AFRICA,2005,1300
CAMEROON,AFRICA,2006,1400
CAMEROON,AFRICA,2007,1400
CAMEROON,AFRICA,2008,1400
CAMEROON,AFRICA,2009,1400
CAMEROON,AFRICA,2010,1400
CAMEROON,AFRICA,2011,1400
CAMEROON,AFRICA,2012,1900
CAMEROON,AFRICA,2013,2400
CAMEROON,AFRICA,2014,2300
CONGO,AFRICA,2005,200
CONGO,AFRICA,2006,200
CONGO,AFRICA,2007,200
CONGO,AFRICA,2008,500
CONGO,AFRICA,2009,1500
CONGO,AFRICA,2010,1500
CONGO,AFRICA,2011,1500
CONGO,AFRICA,2012,1500
CONGO,AFRICA,2013,1500
CONGO,AFRICA,2014,1500
EGYPT,AFRICA,2005,94538
EGYPT,AFRICA,2006,132373
EGYPT,AFRICA,2007,179149
EGYPT,AFRICA,2008,203729
EGYPT,AFRICA,2009,158926
EGYPT,AFRICA,2010,192848
EGYPT,AFRICA,2011,210300
EGYPT,AFRICA,2012,222700
EGYPT,AFRICA,2013,220000
EGYPT,AFRICA,2014,273500
GABON,AFRICA,2005,800
GABON,AFRICA,2006,1000
GABON,AFRICA,2007,1200
GABON,AFRICA,2008,2500
GABON,AFRICA,2009,2000
GABON,AFRICA,2010,2000
GABON,AFRICA,2011,2000
GABON,AFRICA,2012,3500
GABON,AFRICA,2013,3000
GABON,AFRICA,2014,2900
GHANA,AFRICA,2005,2500
GHANA,AFRICA,2006,3000
GHANA,AFRICA,2007,3500
GHANA,AFRICA,2008,3500
GHANA,AFRICA,2009,4500
GHANA,AFRICA,2010,4000
GHANA,AFRICA,2011,6000
GHANA,AFRICA,2012,6500
GHANA,AFRICA,2013,6600
GHANA,AFRICA,2014,6900
IVORY COAST,AFRICA,2005,2000
IVORY COAST,AFRICA,2006,2500
IVORY COAST,AFRICA,2007,2000
IVORY COAST,AFRICA,2008,2500
IVORY COAST,AFRICA,2009,3000
IVORY COAST,AFRICA,2010,3500
IVORY COAST,AFRICA,2011,3500
IVORY COAST,AFRICA,2012,5000
IVORY COAST,AFRICA,2013,4000
IVORY COAST,AFRICA,2014,4300
KENYA,AFRICA,2005,2000
KENYA,AFRICA,2006,3000
KENYA,AFRICA,2007,2000
KENYA,AFRICA,2008,2000
KENYA,AFRICA,2009,5000
KENYA,AFRICA,2010,4000
KENYA,AFRICA,2011,4000
KENYA,AFRICA,2012,2000
KENYA,AFRICA,2013,2500
KENYA,AFRICA,2014,3000
LIBERIA,AFRICA,2005,300
LIBERIA,AFRICA,2006,200
LIBERIA,AFRICA,2007,300
LIBERIA,AFRICA,2008,300
LIBERIA,AFRICA,2009,200
LIBERIA,AFRICA,2010,300
LIBERIA,AFRICA,2011,200
LIBERIA,AFRICA,2012,210
LIBERIA,AFRICA,2013,210
LIBERIA,AFRICA,2014,200
LIBYA,AFRICA,2005,35000
LIBYA,AFRICA,2006,35000
LIBYA,AFRICA,2007,36000
LIBYA,AFRICA,2008,37000
LIBYA,AFRICA,2009,37500
LIBYA,AFRICA,2010,38000
LIBYA,AFRICA,2011,39000
LIBYA,AFRICA,2012,20000
LIBYA,AFRICA,2013,30000
LIBYA,AFRICA,2014,30000
MADAGASCAR,AFRICA,2005,930
MADAGASCAR,AFRICA,2006,1100
MADAGASCAR,AFRICA,2007,1100
MADAGASCAR,AFRICA,2008,1000
MADAGASCAR,AFRICA,2009,900
MADAGASCAR,AFRICA,2010,900
MADAGASCAR,AFRICA,2011,1100
MADAGASCAR,AFRICA,2012,1200
MADAGASCAR,AFRICA,2013,1200
MADAGASCAR,AFRICA,2014,1600
MALAWI,AFRICA,2005,930
MALAWI,AFRICA,2006,1100
MALAWI,AFRICA,2007,1100
MALAWI,AFRICA,2008,1000
MALAWI,AFRICA,2009,1000
MALAWI,AFRICA,2010,1500
MALAWI,AFRICA,2011,1500
MALAWI,AFRICA,2012,1000
MALAWI,AFRICA,2013,1000
MALAWI,AFRICA,2014,1100
MAURITIUS,AFRICA,2005,2900
MAURITIUS,AFRICA,2006,3500
MAURITIUS,AFRICA,2007,4000
MAURITIUS,AFRICA,2008,4000
MAURITIUS,AFRICA,2009,3000
MAURITIUS,AFRICA,2010,4000
MAURITIUS,AFRICA,2011,3000
MAURITIUS,AFRICA,2012,7000
MAURITIUS,AFRICA,2013,7500
MAURITIUS,AFRICA,2014,8600
MOROCCO,AFRICA,2005,56183
MOROCCO,AFRICA,2006,75295
MOROCCO,AFRICA,2007,90941
MOROCCO,AFRICA,2008,102095
MOROCCO,AFRICA,2009,93761
MOROCCO,AFRICA,2010,91119
MOROCCO,AFRICA,2011,99727
MOROCCO,AFRICA,2012,117818
MOROCCO,AFRICA,2013,108177
MOROCCO,AFRICA,2014,109649
NIGERIA,AFRICA,2005,16000
NIGERIA,AFRICA,2006,22000
NIGERIA,AFRICA,2007,7000
NIGERIA,AFRICA,2008,7000
NIGERIA,AFRICA,2009,34000
NIGERIA,AFRICA,2010,25000
NIGERIA,AFRICA,2011,30000
NIGERIA,AFRICA,2012,40000
NIGERIA,AFRICA,2013,40000
NIGERIA,AFRICA,2014,42000
REUNION,AFRICA,2005,25142
REUNION,AFRICA,2006,22437
REUNION,AFRICA,2007,24819
REUNION,AFRICA,2008,23267
REUNION,AFRICA,2009,20935
REUNION,AFRICA,2010,20295
REUNION,AFRICA,2011,21111
REUNION,AFRICA,2012,19795
REUNION,AFRICA,2013,19465
REUNION,AFRICA,2014,20605
SENEGAL,AFRICA,2005,3000
SENEGAL,AFRICA,2006,3000
SENEGAL,AFRICA,2007,3000
SENEGAL,AFRICA,2008,3000
SENEGAL,AFRICA,2009,4000
SENEGAL,AFRICA,2010,4000
SENEGAL,AFRICA,2011,3500
SENEGAL,AFRICA,2012,4000
SENEGAL,AFRICA,2013,4000
SENEGAL,AFRICA,2014,4500
SOUTH AFRICA,AFRICA,2005,419868
SOUTH AFRICA,AFRICA,2006,481558
SOUTH AFRICA,AFRICA,2007,434653
SOUTH AFRICA,AFRICA,2008,329262
SOUTH AFRICA,AFRICA,2009,258129
SOUTH AFRICA,AFRICA,2010,337130
SOUTH AFRICA,AFRICA,2011,396292
SOUTH AFRICA,AFRICA,2012,440002
SOUTH AFRICA,AFRICA,2013,450561
SOUTH AFRICA,AFRICA,2014,439264
SUDAN,AFRICA,2005,2000
SUDAN,AFRICA,2006,2000
SUDAN,AFRICA,2007,2500
SUDAN,AFRICA,2008,3000
SUDAN,AFRICA,2009,7000
SUDAN,AFRICA,2010,2000
SUDAN,AFRICA,2011,2000
SUDAN,AFRICA,2012,2000
SUDAN,AFRICA,2013,1500
SUDAN,AFRICA,2014,1800
TANZANIA,AFRICA,2005,2000
TANZANIA,AFRICA,2006,2000
TANZANIA,AFRICA,2007,2000
TANZANIA,AFRICA,2008,2000
TANZANIA,AFRICA,2009,2000
TANZANIA,AFRICA,2010,2000
TANZANIA,AFRICA,2011,3000
TANZANIA,AFRICA,2012,3000
TANZANIA,AFRICA,2013,3500
TANZANIA,AFRICA,2014,1000
TUNISIA,AFRICA,2005,25000
TUNISIA,AFRICA,2006,30000
TUNISIA,AFRICA,2007,30000
TUNISIA,AFRICA,2008,33000
TUNISIA,AFRICA,2009,35000
TUNISIA,AFRICA,2010,45000
TUNISIA,AFRICA,2011,35000
TUNISIA,AFRICA,2012,37000
TUNISIA,AFRICA,2013,35000
TUNISIA,AFRICA,2014,37100
UGANDA,AFRICA,2005,3000
UGANDA,AFRICA,2006,3500
UGANDA,AFRICA,2007,3000
UGANDA,AFRICA,2008,3000
UGANDA,AFRICA,2009,3000
UGANDA,AFRICA,2010,3000
UGANDA,AFRICA,2011,3000
UGANDA,AFRICA,2012,3000
UGANDA,AFRICA,2013,3000
UGANDA,AFRICA,2014,3000
ZAMBIA,AFRICA,2005,2300
ZAMBIA,AFRICA,2006,2700
ZAMBIA,AFRICA,2007,2800
ZAMBIA,AFRICA,2008,2600
ZAMBIA,AFRICA,2009,3000
ZAMBIA,AFRICA,2010,2000
ZAMBIA,AFRICA,2011,2000
ZAMBIA,AFRICA,2012,2000
ZAMBIA,AFRICA,2013,2000
ZAMBIA,AFRICA,2014,2000
ZIMBABWE,AFRICA,2005,7000
ZIMBABWE,AFRICA,2006,6000
ZIMBABWE,AFRICA,2007,3000
ZIMBABWE,AFRICA,2008,3000
ZIMBABWE,AFRICA,2009,3000
ZIMBABWE,AFRICA,2010,2000
ZIMBABWE,AFRICA,2011,3000
ZIMBABWE,AFRICA,2012,3000
ZIMBABWE,AFRICA,2013,3000
ZIMBABWE,AFRICA,2014,4100
